{"cameraMode":{"drawMode":0,"name":"Shaded","section":"Shading Mode"},"sceneLighting":true,"audioPlay":false,"sceneViewState":{"m_AlwaysRefresh":false,"showFog":true,"showSkybox":true,"showFlares":true,"showImageEffects":true,"showParticleSystems":true,"showVisualEffectGraphs":true,"m_FxEnabled":true},"in2DMode":false,"pivot":{"x":516.451416015625,"y":342.9140930175781,"z":-573.7506713867188},"rotation":{"x":-0.07523337751626969,"y":0.012561457231640816,"z":-0.0009462698944844306,"w":-0.9970948100090027},"size":1.1947693824768067,"orthographic":false}